time,MILLCREEK0,MILLCREEK1,MILLCREEK2,MILLCREEK3,MILLCREEK4,MILLCREEK5,MILLCREEK6,MILLCREEK7
91.47869674185,-60329.49774729622,-50083.37700089513,-58992.37835002971,-35836.36821554524,-36663.34178580568,-21345.21177990222,.000000000000000,.000000000000000
210.4010025063,-58631.93322257202,-48054.70012045856,-55563.17133073325,-32745.47081671141,-33657.90362854279,-18897.12202859521,.000000000000000,.000000000000000
365.0000000000,-58377.19015064267,-47819.61427879024,-55191.35788072141,-32389.00977494509,-33296.43010016831,-18554.02836294693,.000000000000000,.000000000000000
366.0000000000,-58195.32094518375,-47571.79372961533,-54921.21805941397,-32134.97416878646,-33036.42563760809,-18303.80957079641,.000000000000000,.000000000000000
367.0000000000,-58109.42852085826,-47444.02992560582,-54756.37867004750,-31988.15000307470,-32889.08920908082,-18171.10323808377,.000000000000000,.000000000000000
368.0000000000,-58053.85306658043,-47359.92092521318,-54633.99463046442,-31882.05455624631,-32783.63605370291,-18081.04057402315,.000000000000000,.000000000000000
369.0000000000,-58007.70724286318,-47293.56295510884,-54531.83390886187,-31793.56497089202,-32695.57282294867,-18007.50543465681,.000000000000000,.000000000000000
370.0000000000,-57964.11763973430,-47235.54916117226,-54441.12248300769,-31714.13222728074,-32616.02851446414,-17941.19705313980,.000000000000000,.000000000000000
371.0000000000,-57920.77318065370,-47182.09696627479,-54357.83022496393,-31640.25278074840,-32541.51501419811,-17878.65592106167,.000000000000000,.000000000000000
372.0000000000,-57876.96586783811,-47131.52708181437,-54279.83906543635,-31570.32781583065,-32470.53322008059,-17818.53295114308,.000000000000000,.000000000000000
373.0000000000,-57832.53494405445,-47082.98298695443,-54205.86941940089,-31503.49294305906,-32402.33040929145,-17760.25074429257,.000000000000000,.000000000000000
374.0000000000,-58466.56097039865,-47660.62784589553,-54722.51460713869,-31972.58755208954,-32855.50489858705,-18197.84232459846,.000000000000000,.000000000000000
375.0000000000,-58074.59581884215,-47318.09629982272,-54435.98949892191,-31687.48283852452,-32571.73508284765,-17913.30264068197,.000000000000000,.000000000000000
376.0000000000,-60363.79645459855,-49506.77214139792,-56543.31030489687,-33618.17368023770,-34461.05654986382,-19702.05554154937,.000000000000000,.000000000000000
377.0000000000,-61611.54614926257,-50783.16325083159,-58063.05412987086,-34942.47244383910,-35750.13812578890,-20855.76972881969,.000000000000000,.000000000000000
378.0000000000,-59800.90356462092,-49125.92256456531,-56688.81362974542,-33579.21526999428,-34396.92593623279,-19481.26370339992,.000000000000000,.000000000000000
379.0000000000,-59144.30120321394,-48461.75390015718,-56062.56326643030,-33005.13970264842,-33837.56436423965,-18938.65676655865,.000000000000000,.000000000000000
380.0000000000,-58875.88814084262,-48151.36658220753,-55715.10380760937,-32715.28998877171,-33561.51110539300,-18691.32723542216,.000000000000000,.000000000000000
381.0000000000,-58740.30613763253,-47974.35230188191,-55483.52516103732,-32534.01507752851,-33391.21216935953,-18551.03358168493,.000000000000000,.000000000000000
382.0000000000,-58651.54756464152,-47852.53499452941,-55307.67012655733,-32398.69130446065,-33263.89203077572,-18451.34659012608,.000000000000000,.000000000000000
383.0000000000,-58580.29414413765,-47756.83540637681,-55163.09937007712,-32285.99760564932,-33156.68365919685,-18368.55553428800,.000000000000000,.000000000000000
384.0000000000,-58516.17505576152,-47675.44296534314,-55038.43989875052,-32186.49397775606,-33060.71183245875,-18293.94906982227,.000000000000000,.000000000000000
385.0000000000,-58703.80388712332,-47815.09869067049,-55127.97754430847,-32276.23093242600,-33146.25859374301,-18391.57221651706,.000000000000000,.000000000000000
386.0000000000,-58684.05353218981,-47780.23207898618,-55064.00265879244,-32213.33484921292,-33082.93058630750,-18335.21577788511,.000000000000000,.000000000000000
387.0000000000,-58697.70662500348,-47781.43544129361,-55030.74210673491,-32177.39876509961,-33043.84308727935,-18302.48576843258,.000000000000000,.000000000000000
388.0000000000,-62115.08080408314,-51107.18183658199,-58280.43307102360,-35171.12506024529,-35974.73186595604,-21082.96217863669,.000000000000000,.000000000000000
389.0000000000,-60161.94835584737,-49338.24910466846,-56876.57532083216,-33758.63210080008,-34572.25898449503,-19652.04289686846,.000000000000000,.000000000000000
390.0000000000,-59455.10710580754,-48643.11656759752,-56253.55549679803,-33175.23465606295,-34001.85587211348,-19092.92599749117,.000000000000000,.000000000000000
391.0000000000,-59166.68319448199,-48326.40598852865,-55915.97729397155,-32887.65782178231,-33726.49479170000,-18842.28709579751,.000000000000000,.000000000000000
392.0000000000,-59435.90647294844,-48521.10297250201,-56012.08889655983,-32994.21860265979,-33833.83454953227,-18961.25026830839,.000000000000000,.000000000000000
393.0000000000,-60127.19502291006,-49154.72984196437,-56584.26549849725,-33520.64747719174,-34349.69101497637,-19457.40725988767,.000000000000000,.000000000000000
394.0000000000,-61439.73616177343,-50417.96988487603,-57834.93463503913,-34641.21342415332,-35442.34314969067,-20477.26582710308,.000000000000000,.000000000000000
395.0000000000,-60153.80922233271,-49252.50544899411,-56909.53163127049,-33739.94519388337,-34556.00355600023,-19590.23168556154,.000000000000000,.000000000000000
396.0000000000,-59666.42955826870,-48764.70089966049,-56455.33183737795,-33336.06714878466,-34165.67115544746,-19221.53318723544,.000000000000000,.000000000000000
397.0000000000,-60281.30079458417,-49291.61504247344,-56903.19153610326,-33769.13814880935,-34594.61804678016,-19642.56143738257,.000000000000000,.000000000000000
398.0000000000,-59738.74174577740,-48779.24917256269,-56442.92477753774,-33347.31883829736,-34183.35103444789,-19249.65033150485,.000000000000000,.000000000000000
399.0000000000,-59504.94305883390,-48533.13078466806,-56177.03090552086,-33123.45597003319,-33968.19284602425,-19059.09092395165,.000000000000000,.000000000000000
400.0000000000,-61183.75288477782,-50094.57147096850,-57627.04768407748,-34470.39414871407,-35289.78927445506,-20326.27749218291,.000000000000000,.000000000000000
401.0000000000,-61887.31144682915,-50801.19718549127,-58412.02412389210,-35139.72266339918,-35936.65184099315,-20901.21029707746,.000000000000000,.000000000000000
402.0000000000,-60615.16688424168,-49639.71157247182,-57461.22101375550,-34216.71557878763,-35027.62904038178,-19993.37480361180,.000000000000000,.000000000000000
403.0000000000,-61882.22245832036,-50805.41540752842,-58581.71198519631,-35253.84634753958,-36047.44666232675,-20960.08780417286,.000000000000000,.000000000000000
404.0000000000,-60768.70762279849,-49771.76718318980,-57703.97876264330,-34418.37376715682,-35227.77389665603,-20151.21460331517,.000000000000000,.000000000000000
405.0000000000,-60335.46586573904,-49322.15641681084,-57254.05776697528,-34027.53029290879,-34851.81388074147,-19804.45556178316,.000000000000000,.000000000000000
406.0000000000,-64088.23562555949,-52931.16869950244,-61000.41953007322,-37560.40969630619,-38343.51537091457,-23140.98674061490,.000000000000000,.000000000000000
407.0000000000,-66610.90886033420,-55457.70574405508,-63629.40192596022,-39859.96452410084,-40561.26052111223,-25125.18026616503,.000000000000000,.000000000000000
408.0000000000,-63501.43010232532,-52545.85102342453,-61210.37115301148,-37467.27626726920,-38198.96489422845,-22734.90008349888,.000000000000000,.000000000000000
409.0000000000,-62384.37106464913,-51383.46363812263,-60105.73399653016,-36458.61471343532,-37225.60126643477,-21801.30583523025,.000000000000000,.000000000000000
410.0000000000,-62755.02327607739,-51601.84186251428,-60193.81354244241,-36583.75497363870,-37365.43117439628,-21965.62440549154,.000000000000000,.000000000000000
411.0000000000,-62663.93412172835,-51435.13122065426,-60000.61298108514,-36431.36307757504,-37230.20191395428,-21858.67170897021,.000000000000000,.000000000000000
412.0000000000,-62354.16763714577,-51073.27085364444,-59600.25913470055,-36084.09555443213,-36899.51729853752,-21567.38324711478,.000000000000000,.000000000000000
413.0000000000,-63265.80687822170,-51884.15925745285,-60310.48325883171,-36758.47381919986,-37566.10495733592,-22225.41952446679,.000000000000000,.000000000000000
414.0000000000,-63366.72269187315,-51965.22263063713,-60445.93515571652,-36870.95132991447,-37678.75617244049,-22327.90820679304,.000000000000000,.000000000000000
415.0000000000,-62958.72990816695,-51557.58172719427,-60066.91067595263,-36508.71025124674,-37323.09942797809,-21985.98643972614,.000000000000000,.000000000000000
416.0000000000,-62383.71317915300,-50997.31923394828,-59540.69610588466,-36041.70298770854,-36872.02497442327,-21571.55937157897,.000000000000000,.000000000000000
417.0000000000,-62117.27723052552,-50707.12043791041,-59208.62672989405,-35769.99038010514,-36612.86665204573,-21353.42175573052,.000000000000000,.000000000000000
418.0000000000,-61957.91711467912,-50520.89077116949,-58961.77400177329,-35575.99898188653,-36428.16348382414,-21208.03679382987,.000000000000000,.000000000000000
419.0000000000,-62280.85183132940,-50777.30020562849,-59205.29206654227,-35835.03724216289,-36692.03967679034,-21485.83401104473,.000000000000000,.000000000000000
420.0000000000,-64017.11078080499,-52419.86583294195,-60749.82277828526,-37254.59893359483,-38077.53982690100,-22804.59979421427,.000000000000000,.000000000000000
421.0000000000,-65715.50355911315,-54086.45739809971,-62446.94276859442,-38744.80545490627,-39516.00000519758,-24117.87497247988,.000000000000000,.000000000000000
422.0000000000,-63748.38239177052,-52313.84268302545,-61018.97797359222,-37341.02838683841,-38130.53256024767,-22726.30471326699,.000000000000000,.000000000000000
423.0000000000,-63014.87165521175,-51582.17527089864,-60332.47474146006,-36721.78924899719,-37530.66853989143,-22157.99940481520,.000000000000000,.000000000000000
424.0000000000,-62695.50896446520,-51222.70151394571,-59926.25213832728,-36387.20298469289,-37212.75596907444,-21882.36987919142,.000000000000000,.000000000000000
425.0000000000,-69488.46084846066,-57648.24468160491,-67008.60018598543,-43077.23117627256,-43739.16088337486,-28234.36096718325,.000000000000000,.000000000000000
426.0000000000,-72864.00423238744,-61028.63595865888,-70839.83460101206,-46387.19388443349,-46938.67550746095,-31033.21588890921,.000000000000000,.000000000000000
427.0000000000,-68161.59662309451,-56712.28968161398,-66986.45916361737,-42566.52340257129,-43172.86375940530,-27132.05551818156,.000000000000000,.000000000000000
428.0000000000,-66474.69293854985,-54996.25325492522,-65250.82290403322,-40972.99260403542,-41644.90963652966,-25628.75214435253,.000000000000000,.000000000000000
429.0000000000,-65799.61975290711,-54204.60569882788,-64302.31564505737,-40172.84694147203,-40906.46486340325,-24970.32816704878,.000000000000000,.000000000000000
430.0000000000,-65471.34515535262,-53763.04517959806,-63687.36280862879,-39684.68199694426,-40465.47080776485,-24618.25682257226,.000000000000000,.000000000000000
431.0000000000,-71168.62444707338,-59077.64449579942,-68882.07145300490,-44531.80221982143,-45235.33566321147,-29204.45943643505,.000000000000000,.000000000000000
432.0000000000,-67994.21566870848,-56178.37882280831,-66410.68156539375,-42113.15802916416,-42835.89349420593,-26801.48160936026,.000000000000000,.000000000000000
433.0000000000,-66825.42214252712,-54997.69554831261,-65237.74290139771,-41050.77166694956,-41808.80881175728,-25830.11443784597,.000000000000000,.000000000000000
434.0000000000,-66332.52495348951,-54430.66645370282,-64555.17871999227,-40477.98169805166,-41273.43274983643,-25370.21982463932,.000000000000000,.000000000000000
435.0000000000,-66079.83880616578,-54102.13526936678,-64089.70863173348,-40106.09187906371,-40931.51418301045,-25102.51492856996,.000000000000000,.000000000000000
436.0000000000,-66508.90923715528,-54392.80135552015,-64255.53020759423,-40301.67738351416,-41134.14885012589,-25349.60950722711,.000000000000000,.000000000000000
437.0000000000,-67857.45406948669,-55595.11571156519,-65317.13146323022,-41276.97847586469,-42081.96282871871,-26268.90824311611,.000000000000000,.000000000000000
438.0000000000,-66700.85369206101,-54570.05658115782,-64412.04834663558,-40414.22403584067,-41235.44035623758,-25452.94600302028,.000000000000000,.000000000000000
439.0000000000,-66214.90649756066,-54093.48872550250,-63906.21313254282,-39968.05480650671,-40803.15705607159,-25067.84695960107,.000000000000000,.000000000000000
440.0000000000,-65956.33744157299,-53816.95232016676,-63557.93678404293,-39678.25122435087,-40523.99048011529,-24838.21088787779,.000000000000000,.000000000000000
441.0000000000,-65778.04234066108,-53619.84856776015,-63282.07523804586,-39453.74703392241,-40306.95654392865,-24667.75237619449,.000000000000000,.000000000000000
442.0000000000,-65630.74530783571,-53459.07218950037,-63046.43173544308,-39261.67680387989,-40119.44600333822,-24522.38329717642,.000000000000000,.000000000000000
443.0000000000,-65497.63163023980,-53318.26107836491,-62837.34255290502,-39089.42016680950,-39949.12777222507,-24389.73649896873,.000000000000000,.000000000000000
444.0000000000,-65372.23885641277,-53190.01212505707,-62647.02650918828,-38930.70030880002,-39790.57726577471,-24264.97852208925,.000000000000000,.000000000000000
445.0000000000,-65253.40997893094,-53070.58347645847,-62470.08990006196,-38781.45768300792,-39640.89113896107,-24145.95057561342,.000000000000000,.000000000000000
446.0000000000,-68527.25883973819,-56101.40320330274,-65434.75634900113,-41520.62471710354,-42300.82824196928,-26699.42768097506,.000000000000000,.000000000000000
447.0000000000,-69057.73808127656,-56666.44542030009,-66142.16468054382,-42043.18355112242,-42788.51916685633,-27052.08172145268,.000000000000000,.000000000000000
448.0000000000,-67514.10885821600,-55290.27060627093,-65231.95721662906,-41151.79430441461,-41926.06647420430,-26160.23116819406,.000000000000000,.000000000000000
449.0000000000,-66628.44489735995,-54469.74828902616,-64377.19244352252,-40364.56011710125,-41152.19698118216,-25414.57423022698,.000000000000000,.000000000000000
450.0000000000,-66232.81414310649,-54063.75205975000,-63890.75023238863,-39950.52272101454,-40754.07913003481,-25061.35681204396,.000000000000000,.000000000000000
451.0000000000,-66006.34913927886,-53814.50200999852,-63554.53097446674,-39678.94917086270,-40495.79143957990,-24849.74091202070,.000000000000000,.000000000000000
452.0000000000,-65841.51397562184,-53630.85094543861,-63289.52002070308,-39468.04862228055,-40294.69200095731,-24692.01270806725,.000000000000000,.000000000000000
453.0000000000,-65701.53935411466,-53478.88711057364,-63064.27719310198,-39287.40882896798,-40120.81586584362,-24557.05586839048,.000000000000000,.000000000000000
454.0000000000,-65573.78376507857,-53345.35923382985,-62865.51934858085,-39125.56217150393,-39962.82182120258,-24433.58941095407,.000000000000000,.000000000000000
455.0000000000,-65453.17968553479,-53223.85994556014,-62685.48488617385,-38976.65730224134,-39815.66334949655,-24317.20527681339,.000000000000000,.000000000000000
456.0000000000,-65339.91969330439,-53112.38189009282,-62520.28344087824,-38838.04376561662,-39677.33492806119,-24206.30019883814,.000000000000000,.000000000000000
457.0000000000,-66207.17174322640,-53879.88657603173,-63325.71595224974,-39597.90878512568,-40402.08113216840,-24938.54895276792,.000000000000000,.000000000000000
458.0000000000,-66944.24035008952,-54573.20806618005,-63924.13059691657,-40105.97641196554,-40894.09388155883,-25365.25728455978,.000000000000000,.000000000000000
459.0000000000,-66760.38399419200,-54436.54597518806,-63835.67566228821,-39971.88330419760,-40753.27560765899,-25194.05290793043,.000000000000000,.000000000000000
460.0000000000,-65971.85624520358,-53751.36943662014,-63249.02757531824,-39417.34618736703,-40209.58210218900,-24663.88451277872,.000000000000000,.000000000000000
461.0000000000,-65622.71648498008,-53422.17392845445,-62907.63297098641,-39121.29312585555,-39922.28807150864,-24403.18891249498,.000000000000000,.000000000000000
462.0000000000,-65424.32893281619,-53223.87987407479,-62664.41272407019,-38922.12560208526,-39729.65038172335,-24239.85526147546,.000000000000000,.000000000000000
463.0000000000,-65280.68545310472,-53077.63757219481,-62465.81625301360,-38762.20863683238,-39574.83598565687,-24113.38496274492,.000000000000000,.000000000000000
464.0000000000,-65160.68092048903,-52955.54114464772,-62291.84578196872,-38621.08631788890,-39437.49389953123,-24002.29050239205,.000000000000000,.000000000000000
465.0000000000,-65050.42235628719,-52846.23733605300,-62133.59078488962,-38490.80858632785,-39309.88579383428,-23898.74096444956,.000000000000000,.000000000000000
466.0000000000,-64946.00490755633,-52745.24758972100,-61986.82937099631,-38368.13110102338,-39188.92526957423,-23799.80226028003,.000000000000000,.000000000000000
467.0000000000,-64845.04914648680,-52650.08554608585,-61848.86282699330,-38251.31004310507,-39073.07701998463,-23704.22504304210,.000000000000000,.000000000000000
468.0000000000,-64746.50627636530,-52559.32802407967,-61717.88856564729,-38139.27991893329,-38961.44447062007,-23611.38294990070,.000000000000000,.000000000000000
469.0000000000,-64649.96504835079,-52472.14206440686,-61592.67617950876,-38031.34352171997,-38853.46569785212,-23520.92721742115,.000000000000000,.000000000000000
470.0000000000,-68456.25134319192,-56049.96331203828,-65452.88607571632,-41640.42879546499,-42347.57848164855,-26916.91290785646,.000000000000000,.000000000000000
471.0000000000,-73013.20157843959,-60479.83280089352,-69712.53657892035,-45359.23486702616,-45944.81459959070,-30135.53280481824,.000000000000000,.000000000000000
472.0000000000,-68950.46724391190,-56841.87267204302,-66860.12070603496,-42507.82328665421,-43126.78329684320,-27229.24898507140,.000000000000000,.000000000000000
473.0000000000,-67480.29281132795,-55409.93288852231,-65574.87740098221,-41323.34287839677,-41985.66940934758,-26105.01872346946,.000000000000000,.000000000000000
474.0000000000,-67174.10543282158,-54995.37815142435,-65044.46621611223,-40880.12677449768,-41574.79146065254,-25738.43949447264,.000000000000000,.000000000000000
475.0000000000,-66718.47892423414,-54518.06600968247,-64523.22355328521,-40458.70377252743,-41187.93619913972,-25409.66596370592,.000000000000000,.000000000000000
476.0000000000,-66467.75366016815,-54230.49967767803,-64150.08588056968,-40171.17761108953,-40925.71082357535,-25204.04664613999,.000000000000000,.000000000000000
477.0000000000,-66291.66608865233,-54023.56179380995,-63854.39848655098,-39945.54803443157,-40718.96217512217,-25048.71428730211,.000000000000000,.000000000000000
478.0000000000,-66145.44687695478,-53855.97352566256,-63605.07529724570,-39752.02983572015,-40538.23083427800,-24913.07700738971,.000000000000000,.000000000000000
479.0000000000,-66013.24750710101,-53710.85792756068,-63386.81272353185,-39578.73888732464,-40373.58565777546,-24787.90597479456,.000000000000000,.000000000000000
480.0000000000,-65889.07746962081,-53580.41040797342,-63190.92313785404,-39419.88346039738,-40220.60203951591,-24669.72770394490,.000000000000000,.000000000000000
481.0000000000,-65770.32876577928,-53460.43225113970,-63011.89473544237,-39272.11407223037,-40076.81414189631,-24556.93477410669,.000000000000000,.000000000000000
482.0000000000,-66474.21577372919,-54075.69950652000,-63818.12917478468,-40060.38855551160,-40834.73967574736,-25338.24890413354,.000000000000000,.000000000000000
483.0000000000,-65982.84952941655,-53656.77530938140,-63283.95080924406,-39542.61457413303,-40325.87044090255,-24814.54207034752,.000000000000000,.000000000000000
484.0000000000,-65741.24147016159,-53436.94287033437,-62985.77304527605,-39267.10452102902,-40056.46386495017,-24558.81399202821,.000000000000000,.000000000000000
485.0000000000,-65585.88798083444,-53290.27899159001,-62776.37621167963,-39081.78076503063,-39875.16902246367,-24399.75598761675,.000000000000000,.000000000000000
486.0000000000,-65423.49568604743,-53147.77188371571,-62585.15268431499,-38917.30914487169,-39714.64144356917,-24267.61359458891,.000000000000000,.000000000000000
487.0000000000,-65288.57046943708,-53027.18081963991,-62416.58814675010,-38773.48331551527,-39573.25437793822,-24151.94261912559,.000000000000000,.000000000000000
488.0000000000,-65169.24124723354,-52918.85254915407,-62261.40972334927,-38640.82637675172,-39442.59679510121,-24044.63704679790,.000000000000000,.000000000000000
489.0000000000,-65058.39716247865,-52817.81065929889,-62115.41061344417,-38515.30147904831,-39318.74473569531,-23942.20235174053,.000000000000000,.000000000000000
490.0000000000,-64951.26709911296,-52721.41070105489,-61976.25530171947,-38394.97691871636,-39199.83152124299,-23843.12834646596,.000000000000000,.000000000000000
491.0000000000,-64847.27332246939,-52628.77846140316,-61842.88635436738,-38279.01155102713,-39084.96574896513,-23746.73771428579,.000000000000000,.000000000000000
492.0000000000,-64745.30674887857,-52539.11537760125,-61714.35861279090,-38166.75972305090,-38973.53814835248,-23652.63498043208,.000000000000000,.000000000000000
493.0000000000,-64644.87375263666,-52451.92940512885,-61589.97478579520,-38057.75927097921,-38865.13364170358,-23560.56278744098,.000000000000000,.000000000000000
494.0000000000,-64545.77500246902,-52366.88916751323,-61469.19807576656,-37951.65225274453,-38759.43716763651,-23470.33465728382,.000000000000000,.000000000000000
495.0000000000,-64447.89566845148,-52283.72329754735,-61351.57550018754,-37848.12649554705,-38656.17319306209,-23381.79333039487,.000000000000000,.000000000000000
496.0000000000,-64351.08382597978,-52202.14484569191,-61236.67123687766,-37746.86743774683,-38555.05411482223,-23294.77655729075,.000000000000000,.000000000000000
497.0000000000,-64255.31351865365,-52122.01845558108,-61124.19984938059,-37647.67310389150,-38455.91971524897,-23209.19938733260,.000000000000000,.000000000000000
498.0000000000,-64160.62329231812,-52043.27491032872,-61013.96756583609,-37550.41326784577,-38358.68213057198,-23125.05042205198,.000000000000000,.000000000000000
499.0000000000,-64066.95310553421,-51965.78319238208,-60905.75104221285,-37454.90234461242,-38263.17140040619,-23042.20465429299,.000000000000000,.000000000000000
500.0000000000,-63974.25500907450,-51889.44196947396,-60799.37091714133,-37360.99510543975,-38169.25966124378,-22960.57445392976,.000000000000000,.000000000000000
501.0000000000,-63913.68257531676,-51845.28801370478,-60994.90242033229,-37584.13136083288,-38379.67021505161,-23208.67287097528,.000000000000000,.000000000000000
502.0000000000,-63921.15769959696,-51834.87273250899,-61048.09242211939,-37653.37011439077,-38434.14075722845,-23267.24738744047,.000000000000000,.000000000000000
503.0000000000,-63880.33742521614,-51794.31015470030,-60842.22795883643,-37449.07248310783,-38231.48509682590,-23043.55766344504,.000000000000000,.000000000000000
504.0000000000,-65058.15882159623,-52918.33151590026,-62929.12619150762,-39517.03070873827,-40225.18154538513,-25090.34456278104,.000000000000000,.000000000000000
505.0000000000,-64449.49535254073,-52396.41640531346,-61857.72667907401,-38434.45464762540,-39172.76748882426,-23913.26119420186,.000000000000000,.000000000000000
506.0000000000,-64178.09739852138,-52152.50896042067,-61380.33881566179,-37955.26231097378,-38711.74871005850,-23428.79642085204,.000000000000000,.000000000000000
507.0000000000,-64021.53512580300,-52007.00995644089,-61112.35571145489,-37693.66407722510,-38462.69843082731,-23190.18548695772,.000000000000000,.000000000000000
508.0000000000,-63905.35945630720,-51898.48375665298,-60924.29068428659,-37515.54766110463,-38293.59178024331,-23040.94356866914,.000000000000000,.000000000000000
509.0000000000,-63804.29705866578,-51805.36187521611,-60770.79698895459,-37372.98854307368,-38157.57259154481,-22925.89590672654,.000000000000000,.000000000000000
510.0000000000,-63709.57131546157,-51719.72445913187,-60634.88407355524,-37248.00134604060,-38037.37341270996,-22825.30550279160,.000000000000000,.000000000000000
511.0000000000,-63618.05585705516,-51638.45601335693,-60509.49155173801,-37133.26261757773,-37926.18620507092,-22731.89728156076,.000000000000000,.000000000000000
512.0000000000,-63528.56742721216,-51560.17951545573,-60391.25757907348,-37025.41215453597,-37821.01426650916,-22642.82419451335,.000000000000000,.000000000000000
513.0000000000,-63440.48855547499,-51484.12187596175,-60278.29098345951,-36922.63854604811,-37720.30051091760,-22556.82824410009,.000000000000000,.000000000000000
514.0000000000,-63353.55569458299,-51409.85691202193,-60169.43251465233,-36823.84926793761,-37623.12987563662,-22473.26829301254,.000000000000000,.000000000000000
515.0000000000,-63267.62687915513,-51337.11609533045,-60063.91454150619,-36728.32293084805,-37528.90539961259,-22391.76640909610,.000000000000000,.000000000000000
516.0000000000,-63183.03992410448,-51265.81882987417,-59961.20415086682,-36635.53410418010,-37437.18550570322,-22312.05241635244,.000000000000000,.000000000000000
517.0000000000,-63066.94691105652,-51173.75379163061,-59843.48061215627,-36530.95614248015,-37334.85646409419,-22225.41856776096,.000000000000000,.000000000000000
518.0000000000,-62963.77460061153,-51089.96316255321,-59730.86538612551,-36431.41453287112,-37237.20162990100,-22141.58555310796,.000000000000000,.000000000000000
519.0000000000,-62869.22806317073,-51012.72536076996,-59632.55671953533,-36346.67386027332,-37154.50394711667,-22072.31376687897,.000000000000000,.000000000000000
520.0000000000,-62924.72986345657,-51049.91489776786,-60391.57482805499,-37154.52023852334,-37923.12438431854,-22925.86979334708,.000000000000000,.000000000000000
521.0000000000,-62832.66329642115,-50992.77888178734,-59895.91271789023,-36664.50061160944,-37446.44982201412,-22373.06280973303,.000000000000000,.000000000000000
522.0000000000,-62738.48522150301,-50922.17043041849,-59647.04359378612,-36416.60041417529,-37205.82915069320,-22118.07260419478,.000000000000000,.000000000000000
523.0000000000,-62645.41804138931,-50848.00256646765,-59483.96903520676,-36256.76574805425,-37050.89101594657,-21969.77753152273,.000000000000000,.000000000000000
524.0000000000,-62557.73083976490,-50774.12861887006,-59353.10858246690,-36131.33902009499,-36929.10861069002,-21860.92789083923,.000000000000000,.000000000000000
525.0000000000,-62471.55004824413,-50700.98983014001,-59235.90211766728,-36021.02526999408,-36821.67702012537,-21767.64646798835,.000000000000000,.000000000000000
526.0000000000,-62385.82689334058,-50628.66087278819,-59125.58496810745,-35918.50918872455,-36721.54313927313,-21681.28367450245,.000000000000000,.000000000000000
527.0000000000,-62300.42171362643,-50557.22791040901,-59019.55628616916,-35820.85241289176,-36625.97410781357,-21598.63869715855,.000000000000000,.000000000000000
528.0000000000,-62215.35627168996,-50486.67300572239,-58916.61237401075,-35726.65651058670,-36533.68632235518,-21518.41387456388,.000000000000000,.000000000000000
529.0000000000,-62130.60213225817,-50416.88114366728,-58816.03566524440,-35635.09809962091,-36443.90458023635,-21439.98288058292,.000000000000000,.000000000000000
530.0000000000,-62046.18946560990,-50347.71560465763,-58717.29632661993,-35545.58568677567,-36355.99923241256,-21362.95722466763,.000000000000000,.000000000000000
531.0000000000,-61962.23178280682,-50279.21060873902,-58620.15977051617,-35457.82836062927,-36269.71085550940,-21287.15178933987,.000000000000000,.000000000000000
532.0000000000,-61878.75504013291,-50211.34957125810,-58524.43883010194,-35371.59564669144,-36184.84011248987,-21212.42546427410,.000000000000000,.000000000000000
533.0000000000,-61795.79870126778,-50144.12847772737,-58430.00361916899,-35286.72123345187,-36101.24217715274,-21138.67846763745,.000000000000000,.000000000000000
534.0000000000,-61713.37890906510,-50077.52863332453,-58336.74331250570,-35203.06466591320,-36018.79253030376,-21065.82405688768,.000000000000000,.000000000000000
535.0000000000,-61631.48763481814,-50011.52036047051,-58244.56157944401,-35120.50887628588,-35937.38727105610,-20993.78923664035,.000000000000000,.000000000000000
536.0000000000,-61576.18680300825,-49972.54091551361,-58410.34133282856,-35308.54363596307,-36115.64855714783,-21203.58754718740,.000000000000000,.000000000000000
537.0000000000,-61611.76023794278,-49993.98081473248,-58725.57203969925,-35645.74792165954,-36423.10020563540,-21536.81363942492,.000000000000000,.000000000000000
538.0000000000,-61525.61194734728,-49938.21292851006,-58359.81372933926,-35281.87624509614,-36074.32925957094,-21138.35576482327,.000000000000000,.000000000000000
539.0000000000,-61439.39873590837,-49873.43078168856,-58164.35147465183,-35088.01769512857,-35887.87068749162,-20944.47862067402,.000000000000000,.000000000000000
540.0000000000,-61354.63098626832,-49806.45643471598,-58028.66648107824,-34956.37888861536,-35760.78863961923,-20824.21103937607,.000000000000000,.000000000000000
541.0000000000,-61271.43446823764,-49739.44880213728,-57915.66581167212,-34849.25757175215,-35656.95221767675,-20731.36589720618,.000000000000000,.000000000000000
542.0000000000,-61189.66061704586,-49673.08946439502,-57812.53249510737,-34753.09038377339,-35563.38793896038,-20649.51197591244,.000000000000000,.000000000000000
543.0000000000,-61109.07198738398,-49607.52413497579,-57714.54919522556,-34662.70319136357,-35475.18703353677,-20572.67001142420,.000000000000000,.000000000000000
544.0000000000,-61029.52189080678,-49542.78804624495,-57619.83037563749,-34575.95559501165,-35390.34998112064,-20498.58494083944,.000000000000000,.000000000000000
545.0000000000,-60950.77970423651,-49478.77359690723,-57527.43804707851,-34491.78100699364,-35307.89148068000,-20426.30045844449,.000000000000000,.000000000000000
546.0000000000,-60872.77631937286,-49415.45185536548,-57436.89354119050,-34409.61899147983,-35227.30040417580,-20355.38543379022,.000000000000000,.000000000000000
547.0000000000,-60759.14116646779,-49327.45385132280,-57327.86982441658,-34312.97131349893,-35133.82551949169,-20276.09797221870,.000000000000000,.000000000000000
548.0000000000,-60659.68586466444,-49248.69785816556,-57223.97784188927,-34221.37619737537,-35044.93965161077,-20199.33902241156,.000000000000000,.000000000000000
549.0000000000,-60567.93509111737,-49175.41706338944,-57124.03226069452,-34133.34910873439,-34959.34258159087,-20124.63347615625,.000000000000000,.000000000000000
550.0000000000,-60479.67184029370,-49104.84185400174,-57026.62143685721,-34047.48549334137,-34875.74894228943,-20051.28408331043,.000000000000000,.000000000000000
551.0000000000,-60393.26030288586,-49035.83869299683,-56931.06408494872,-33963.15670753019,-34793.58446655508,-19978.96794089890,.000000000000000,.000000000000000
552.0000000000,-60307.98974905917,-48967.87739363751,-56836.95436086421,-33880.01256760953,-34712.51815806881,-19907.46140323521,.000000000000000,.000000000000000
553.0000000000,-60224.36747836771,-48900.93424502265,-56744.20246677366,-33797.92645909436,-34632.40127216821,-19836.65122388527,.000000000000000,.000000000000000
554.0000000000,-60142.84222679472,-48835.06528031933,-56652.80634379055,-33716.82682793862,-34553.12285029904,-19766.42875858629,.000000000000000,.000000000000000
555.0000000000,-60062.26387883302,-48769.97083172510,-56562.55543519220,-33636.59540201465,-34474.58960207472,-19696.73991690716,.000000000000000,.000000000000000
556.0000000000,-59982.19577032553,-48705.49793043848,-56473.29810079664,-33557.15606654601,-34396.74691563527,-19627.55709656779,.000000000000000,.000000000000000
557.0000000000,-59902.52212400603,-48641.58395616893,-56384.93236809823,-33478.45891426397,-34319.55874781005,-19558.85972659223,.000000000000000,.000000000000000
558.0000000000,-59823.18907001640,-48578.17326185186,-56297.37074487591,-33400.45785976267,-34242.99041118489,-19490.62756635813,.000000000000000,.000000000000000
559.0000000000,-59744.11657237815,-48515.17626534546,-56210.49964459716,-33323.07449206650,-34166.97895088803,-19422.82087614157,.000000000000000,.000000000000000
560.0000000000,-59665.30167466753,-48452.56340203653,-56124.25606960811,-33246.26762284717,-34091.49827825601,-19355.42352123818,.000000000000000,.000000000000000
561.0000000000,-59586.68457526430,-48390.25541376002,-56038.54480038820,-33169.96329664819,-34016.48395788051,-19288.39329151338,.000000000000000,.000000000000000
562.0000000000,-59508.30775258537,-48328.25423739102,-55953.33780896688,-33094.14153915471,-33941.92069465057,-19221.71932075988,.000000000000000,.000000000000000
563.0000000000,-59957.20024307318,-48742.01115655313,-58791.18414912887,-36042.82922234821,-36747.01734643763,-22289.16268140107,.000000000000000,.000000000000000
564.0000000000,-59908.89261372698,-48719.61012800341,-57426.34707957067,-34664.12164957884,-35430.72225777627,-20700.44590018995,.000000000000000,.000000000000000
565.0000000000,-59838.09512276074,-48665.56745417191,-56869.36575436140,-34082.33011779371,-34878.87963198581,-20072.52662649460,.000000000000000,.000000000000000
566.0000000000,-59761.61079078988,-48601.50427028088,-56590.08023696441,-33786.61109793966,-34600.54260379568,-19785.48120241408,.000000000000000,.000000000000000
567.0000000000,-60263.87740361527,-49080.41417253794,-57251.88068728700,-34413.95776183161,-35206.57605258876,-20418.37187179941,.000000000000000,.000000000000000
568.0000000000,-61331.77937054403,-50148.72131661191,-58041.77611431591,-35086.56644590609,-35867.22147364984,-20990.22642409749,.000000000000000,.000000000000000
569.0000000000,-60631.51644148120,-49490.43196496978,-57410.00189756656,-34425.37496555247,-35218.60558948430,-20325.70400400512,.000000000000000,.000000000000000
570.0000000000,-60183.23916061506,-49068.63571135418,-57014.23030652892,-34041.52616703618,-34851.03574555276,-19970.94652792410,.000000000000000,.000000000000000
571.0000000000,-60073.42325693017,-48931.45294066292,-56892.56644975104,-33938.87116075965,-34764.22389675285,-19900.28955111720,.000000000000000,.000000000000000
572.0000000000,-59901.69044146283,-48770.95504046087,-56664.35176756998,-33731.68789102057,-34564.52919618254,-19720.09355928446,.000000000000000,.000000000000000
573.0000000000,-59784.81607433924,-48657.52988617628,-56495.26918642184,-33581.72721713422,-34421.62676260404,-19597.29209756813,.000000000000000,.000000000000000
574.0000000000,-59687.67214912447,-48563.74809507145,-56353.20930668094,-33456.46776291160,-34302.25373080229,-19496.75982318993,.000000000000000,.000000000000000
575.0000000000,-59598.19942260749,-48479.41321159280,-56225.76483497335,-33343.74344690863,-34194.23842004134,-19405.90957265941,.000000000000000,.000000000000000
576.0000000000,-59512.13241092210,-48400.41721350591,-56107.50973979075,-33238.58628724889,-34092.80969895533,-19320.06987667977,.000000000000000,.000000000000000
577.0000000000,-59427.87730488142,-48324.89038650507,-55995.68236395756,-33138.68077219515,-33995.86777395563,-19237.38257663904,.000000000000000,.000000000000000
578.0000000000,-59366.29892563364,-48266.88185543508,-55900.42830648136,-33052.17535938768,-33910.68861762166,-19162.51582908543,.000000000000000,.000000000000000
579.0000000000,-59297.37946079278,-48205.58226044026,-55806.67008126953,-32966.77321119994,-33826.51250958585,-19088.84175491889,.000000000000000,.000000000000000
580.0000000000,-59225.03677872587,-48143.00799967340,-55714.42177286904,-32882.78150390214,-33743.62379799216,-19016.27892762501,.000000000000000,.000000000000000
581.0000000000,-59152.17535308273,-48080.95171692654,-55624.28504588604,-32800.85090241402,-33662.68294845425,-18945.20021220681,.000000000000000,.000000000000000
582.0000000000,-59078.73911556246,-48019.09166330483,-55535.56357514265,-32720.32471339116,-33582.95873985154,-18874.93396173778,.000000000000000,.000000000000000
583.0000000000,-59005.21968985372,-47957.66863619076,-55448.16090920627,-32641.13267185626,-33504.38991725384,-18805.45831639157,.000000000000000,.000000000000000
584.0000000000,-58931.87523418515,-47896.79542338233,-55362.00205429362,-32563.21615452952,-33426.97261308055,-18736.81340553853,.000000000000000,.000000000000000
585.0000000000,-58858.79846320824,-47836.47776188413,-55276.98029872168,-32486.46746096990,-33350.63349374763,-18668.97423038556,.000000000000000,.000000000000000
586.0000000000,-58786.07206279640,-47776.72668918501,-55193.02010831721,-32410.80001606171,-33275.31006202861,-18601.91164101762,.000000000000000,.000000000000000
587.0000000000,-58713.71405282836,-47717.51143823720,-55110.03364078526,-32336.11724054633,-33200.92341616502,-18535.57945935850,.000000000000000,.000000000000000
588.0000000000,-58642.73849847633,-47659.53417846074,-55028.52777815340,-32262.81862050333,-33127.85435115897,-18470.24101463344,.000000000000000,.000000000000000
589.0000000000,-58573.23061903247,-47602.93425428800,-54948.73177089804,-32191.12644863209,-33056.37011033318,-18406.14251759846,.000000000000000,.000000000000000
590.0000000000,-58597.00465884246,-47613.99955410044,-55358.87269527664,-32635.63007704350,-33496.84673961891,-18898.87164836467,.000000000000000,.000000000000000
591.0000000000,-58520.94944267545,-47565.00396822540,-55060.22514858522,-32341.98157634499,-33200.70925805680,-18558.00353709279,.000000000000000,.000000000000000
592.0000000000,-58449.28807747598,-47511.48229687364,-54902.12156727059,-32184.88324494594,-33043.71127268119,-18392.53996223994,.000000000000000,.000000000000000
593.0000000000,-58379.62144748465,-47456.59042871242,-54792.43979611790,-32077.35474735334,-32936.98445687984,-18289.88702118659,.000000000000000,.000000000000000
594.0000000000,-58418.44415518624,-47480.12731571443,-55203.91764148252,-32508.99456149146,-33346.98148746740,-18751.40391542876,.000000000000000,.000000000000000
595.0000000000,-60637.83870945440,-49673.24898507187,-57715.88935229200,-34888.67735130778,-35668.59985819472,-20967.63454111232,.000000000000000,.000000000000000
596.0000000000,-60616.86635150854,-49711.52107415727,-57401.36708334659,-34460.15805727667,-35235.97965273446,-20409.96927301446,.000000000000000,.000000000000000
597.0000000000,-59603.39346093981,-48757.89492151527,-56500.36248443461,-33557.07594420041,-34358.65005103494,-19512.01874263355,.000000000000000,.000000000000000
598.0000000000,-59207.36537384926,-48354.65354743526,-56061.69913788683,-33144.63167346230,-33965.41083649539,-19133.12486719136,.000000000000000,.000000000000000
599.0000000000,-59019.96324504392,-48147.82949849786,-55797.43113817005,-32912.07098547116,-33747.45221600507,-18939.40918876088,.000000000000000,.000000000000000
600.0000000000,-58904.52497073030,-48015.39111967338,-55606.89491503732,-32750.37870483437,-33596.63873505392,-18813.62440152169,.000000000000000,.000000000000000
601.0000000000,-58814.74638229876,-47913.98610550584,-55452.52996152100,-32620.11723147467,-33474.34237703656,-18714.28696057020,.000000000000000,.000000000000000
602.0000000000,-58734.75963024505,-47827.44939662986,-55318.84112269057,-32506.19847621297,-33366.18562766335,-18626.47649836031,.000000000000000,.000000000000000
603.0000000000,-58658.91964193115,-47749.19960763030,-55198.50271661940,-32402.26423077460,-33266.38011534812,-18544.62213621839,.000000000000000,.000000000000000
604.0000000000,-58585.10240778733,-47676.21427387954,-55087.52659110269,-32305.25097469972,-33172.29816514719,-18466.49194858127,.000000000000000,.000000000000000
605.0000000000,-58512.45146349068,-47606.90538970326,-54983.47098056035,-32213.44025959876,-33082.54433481381,-18391.07238512929,.000000000000000,.000000000000000
606.0000000000,-58440.69443539660,-47540.36357209337,-54884.72476751087,-32125.73803413994,-32996.25978274485,-18317.82115454494,.000000000000000,.000000000000000
607.0000000000,-58369.68656616702,-47475.98891751163,-54790.16034423676,-32041.37824929398,-32912.85073173992,-18246.39530128788,.000000000000000,.000000000000000
608.0000000000,-58299.23808172157,-47413.33115327740,-54698.95432536575,-31959.79308498405,-32831.87720719601,-18176.55090616539,.000000000000000,.000000000000000
609.0000000000,-58265.14024703827,-47377.43365477410,-54630.52905042331,-31896.79372961294,-32767.64711680039,-18117.82830545070,.000000000000000,.000000000000000
610.0000000000,-58217.86775504336,-47333.95342175287,-54560.46776732793,-31832.00819413412,-32701.85600857533,-18058.70255710275,.000000000000000,.000000000000000
611.0000000000,-58163.77383383445,-47286.51790626123,-54489.54148664811,-31766.56728931870,-32635.51362258576,-17999.49560864910,.000000000000000,.000000000000000
612.0000000000,-58107.11817619466,-47237.79255252453,-54418.81380881835,-31701.56945132265,-32569.64817472182,-17940.77760205645,.000000000000000,.000000000000000
613.0000000000,-58049.58911323502,-47188.84056365797,-54348.69730514364,-31637.39247158566,-32504.61705517142,-17882.75166554260,.000000000000000,.000000000000000
614.0000000000,-58055.90283861037,-47194.11162620738,-54708.67097576210,-32017.29311685966,-32858.26292943174,-18279.58947799334,.000000000000000,.000000000000000
615.0000000000,-58113.36325629164,-47237.50461847707,-55002.08382231147,-32328.14114779430,-33144.69740246003,-18576.44231413730,.000000000000000,.000000000000000
616.0000000000,-58049.54247443443,-47199.04715495961,-54612.57440610936,-31935.60458385327,-32769.44516224762,-18140.43492241911,.000000000000000,.000000000000000
617.0000000000,-58108.75078876256,-47239.23983612684,-54985.91003659526,-32325.30186034976,-33142.78779811139,-18552.87232811455,.000000000000000,.000000000000000
618.0000000000,-59949.63667383175,-49053.74387223159,-56858.67967273470,-34082.70876436759,-34856.45533738889,-20194.76571516204,.000000000000000,.000000000000000
619.0000000000,-60162.43464978957,-49311.60691723320,-56810.54944107252,-33918.45820077715,-34689.68353798371,-19894.85137573862,.000000000000000,.000000000000000
620.0000000000,-65382.45592948807,-54457.41375750144,-61792.83736060493,-38428.47224823665,-39100.85256296815,-24004.07695169552,.000000000000000,.000000000000000
621.0000000000,-62195.66039333223,-51485.84900369499,-59456.19087136239,-36039.37060196245,-36745.02999022341,-21573.85891202500,.000000000000000,.000000000000000
622.0000000000,-60763.59676904119,-50065.50686879567,-58221.26589217601,-34871.74468645801,-35617.60037941889,-20461.98096603315,.000000000000000,.000000000000000
623.0000000000,-60214.17725297984,-49446.26162426973,-57576.11817981275,-34317.45609463945,-35097.19172521267,-19986.48811637453,.000000000000000,.000000000000000
624.0000000000,-59965.12317672791,-49122.64456449113,-57170.63211634020,-33994.79190328297,-34801.06280289919,-19740.48334537115,.000000000000000,.000000000000000
625.0000000000,-59821.06731207673,-48917.39243373145,-56877.17470321503,-33768.30104582025,-34594.36209393335,-19580.53891153040,.000000000000000,.000000000000000
626.0000000000,-63531.48141739078,-52460.58703377437,-60243.86195894866,-36896.64345238497,-37648.62203332681,-22524.64677920059,.000000000000000,.000000000000000
627.0000000000,-61512.37423995880,-50590.04823572435,-58707.87771959353,-35372.87755943794,-36157.60890223831,-21007.37740439156,.000000000000000,.000000000000000
628.0000000000,-60770.09538115717,-49832.05452816971,-57990.21858973152,-34711.86753777956,-35522.09065662714,-20394.86247574113,.000000000000000,.000000000000000
629.0000000000,-60456.61017339135,-49469.42444056835,-57578.00741665255,-34362.86089478531,-35193.01114450434,-20103.97487675090,.000000000000000,.000000000000000
630.0000000000,-60289.47525829075,-49255.51204285899,-57293.55029071267,-34134.31680505841,-34979.36652978076,-19930.19147782060,.000000000000000,.000000000000000
631.0000000000,-60173.91752974565,-49103.22110446926,-57071.34060216610,-33957.86514440218,-34813.57043127241,-19801.33764553926,.000000000000000,.000000000000000
632.0000000000,-60077.62276803130,-48980.21536117168,-56884.67170681761,-33807.86352133787,-34670.87514593331,-19691.59864800068,.000000000000000,.000000000000000
633.0000000000,-66990.37701886550,-55682.73063954866,-65841.75956722385,-42429.58747922257,-43038.77762402006,-28058.77490549834,.000000000000000,.000000000000000
634.0000000000,-69440.02915680097,-58210.72529665463,-67311.38888313589,-43401.17330183799,-43961.79848542454,-28395.62746224517,.000000000000000,.000000000000000
635.0000000000,-70218.12410410077,-58982.19692348415,-68291.70073053532,-43989.35459984244,-44536.70620901510,-28619.91327066961,.000000000000000,.000000000000000
636.0000000000,-69219.54583152148,-58012.80112090396,-67610.37411623569,-43128.45335110204,-43687.03819547291,-27609.45635913956,.000000000000000,.000000000000000
637.0000000000,-66279.80553233730,-55183.64841432907,-65190.67295274764,-40847.65764306266,-41487.21852887732,-25441.54682183862,.000000000000000,.000000000000000
638.0000000000,-65174.61089560358,-53963.68376911724,-63933.73995237664,-39768.89232960224,-40479.75507156375,-24527.98416838399,.000000000000000,.000000000000000
639.0000000000,-64711.99203143545,-53351.33107600883,-63162.93929999555,-39156.87936976753,-39923.18331023089,-24073.10590272819,.000000000000000,.000000000000000
640.0000000000,-69061.07002070626,-57328.60775379820,-66901.21407119307,-42674.78695231548,-43383.60461615163,-27431.55318002289,.000000000000000,.000000000000000
641.0000000000,-66556.52996085261,-55002.78559267551,-64891.40689258852,-40738.13012325056,-41491.16175681110,-25553.82938313059,.000000000000000,.000000000000000
642.0000000000,-65610.71249462909,-54016.22526980199,-63887.11609386582,-39842.09917115315,-40634.61200093478,-24763.36952088668,.000000000000000,.000000000000000
643.0000000000,-65189.83820302371,-53513.41952206927,-63272.91639382356,-39332.76075615291,-40155.72501471920,-24362.30393005564,.000000000000000,.000000000000000
644.0000000000,-64949.03792022089,-53197.39697142524,-62829.93530641482,-38978.97381269264,-39824.40665176937,-24105.80647556577,.000000000000000,.000000000000000
645.0000000000,-64773.31583502247,-52962.76833375873,-62476.24381711270,-38697.65838184851,-39558.72525036144,-23907.34168580014,.000000000000000,.000000000000000
646.0000000000,-64623.38289087396,-52769.53471756725,-62176.89815568567,-38456.59673357716,-39328.05124312252,-23735.78759534261,.000000000000000,.000000000000000
647.0000000000,-64485.33246846950,-52600.91711199574,-61914.58956594586,-38241.75470035082,-39119.71418464502,-23579.28373135233,.000000000000000,.000000000000000
648.0000000000,-64353.93681258009,-52448.81700434742,-61679.32635719762,-38045.92596837164,-38927.48787632906,-23432.79416880870,.000000000000000,.000000000000000
649.0000000000,-67906.90835887479,-55772.84580580288,-65421.45082988059,-41593.28366340417,-42405.17510211017,-26810.81464092757,.000000000000000,.000000000000000
650.0000000000,-67600.88408571064,-55547.57004154263,-65093.66418021674,-41137.79224459568,-41923.06195612109,-26208.81728854947,.000000000000000,.000000000000000
651.0000000000,-66519.42211034952,-54557.43310875962,-64166.90801267186,-40200.19427832153,-40991.20517765230,-25261.19589928247,.000000000000000,.000000000000000
652.0000000000,-65922.12474634683,-53960.81904071790,-63534.69410784147,-39602.11343776608,-40403.79282126018,-24702.82224596301,.000000000000000,.000000000000000
653.0000000000,-65489.47219593551,-53516.96778312721,-63074.64301154570,-39202.21012922340,-40019.63651367152,-24364.60367288391,.000000000000000,.000000000000000
654.0000000000,-65157.78085950705,-53178.95628027165,-62678.15498552029,-38871.71211575846,-39701.61882704563,-24097.60378981297,.000000000000000,.000000000000000
655.0000000000,-64952.06198361638,-52953.72453090791,-62374.16823657184,-38625.92975552923,-39464.96814674530,-23909.32076858295,.000000000000000,.000000000000000
656.0000000000,-64792.88387522745,-52777.68889834506,-62119.37467351124,-38420.01519213778,-39265.36782980742,-23753.47415800442,.000000000000000,.000000000000000
657.0000000000,-64652.98299144913,-52626.70894600876,-61895.11654612640,-38236.52099464880,-39085.89907559278,-23613.16035970379,.000000000000000,.000000000000000
658.0000000000,-64522.59157334929,-52490.78235674000,-61692.16682759248,-38067.98947114592,-38919.65839344465,-23482.00914317049,.000000000000000,.000000000000000
659.0000000000,-64397.86806566484,-52365.13756538020,-61505.18983239482,-37910.64810655813,-38763.32120640157,-23357.29553160872,.000000000000000,.000000000000000
660.0000000000,-64277.24069268112,-52247.20773420131,-61330.75495472035,-37762.26486849289,-38614.99623617408,-23237.66980171160,.000000000000000,.000000000000000
661.0000000000,-64159.94199276123,-52135.41119686735,-61166.47929828608,-37621.32798037157,-38473.42097517487,-23122.30298786663,.000000000000000,.000000000000000
662.0000000000,-64045.52994957426,-52028.68958918255,-61010.64996073644,-37486.76496656654,-38337.73421746444,-23010.71343138607,.000000000000000,.000000000000000
663.0000000000,-63933.69848703431,-51926.28241353427,-60861.98359267771,-37357.74848520095,-38207.27358778218,-22902.53535716992,.000000000000000,.000000000000000
664.0000000000,-65712.73529774137,-53564.93498145334,-62555.88846505520,-38935.41479148899,-39735.00897921136,-24389.20296210694,.000000000000000,.000000000000000
665.0000000000,-69929.63179406943,-57662.59801075362,-66518.31489755234,-42507.17770243899,-43206.99422803865,-27598.33984422823,.000000000000000,.000000000000000
666.0000000000,-67650.07469184828,-55639.05558084357,-65014.56651131151,-40929.41198571058,-41636.64649723690,-25943.91647576378,.000000000000000,.000000000000000
667.0000000000,-66089.79181925768,-54189.70766348791,-63778.90290611147,-39757.87446566964,-40492.88031991893,-24812.53900732225,.000000000000000,.000000000000000
668.0000000000,-65465.99392015458,-53545.87782721436,-63124.61559074439,-39194.23792510486,-39953.80061116008,-24317.08760154431,.000000000000000,.000000000000000
669.0000000000,-65161.18732613498,-53197.50209526295,-62701.63468814643,-38856.64570375568,-39636.23346926630,-24049.89720926140,.000000000000000,.000000000000000
670.0000000000,-64987.66842449130,-52979.57893998471,-62395.03406654825,-38619.60460149337,-39413.72351534601,-23873.02514664526,.000000000000000,.000000000000000
671.0000000000,-67048.44865552445,-54836.57896044423,-64168.52757236480,-40287.44216417805,-41055.08476759224,-25456.75864428809,.000000000000000,.000000000000000
672.0000000000,-67625.57482153017,-55401.64169993090,-64726.71411509145,-40730.83974175301,-41470.87673640203,-25804.40749196912,.000000000000000,.000000000000000
673.0000000000,-66201.83156928253,-54139.05219413550,-63678.00245838685,-39721.66038454731,-40480.11670450037,-24826.36496119620,.000000000000000,.000000000000000
674.0000000000,-66235.66671500614,-54107.64903229916,-63634.22102930150,-39698.00756424795,-40463.95963278617,-24821.11437232848,.000000000000000,.000000000000000
675.0000000000,-67640.08203993591,-55369.58252918265,-64859.95729115725,-40836.01266655386,-41582.17971622605,-25885.31943043001,.000000000000000,.000000000000000
676.0000000000,-66350.76212074932,-54232.45959524791,-63864.28481413393,-39888.77967463962,-40649.89052459206,-24972.02785968201,.000000000000000,.000000000000000
677.0000000000,-65822.49481329878,-53718.85476298990,-63333.29385248593,-39424.40578381561,-40201.14863669383,-24562.52732456740,.000000000000000,.000000000000000
678.0000000000,-70569.74235982390,-58136.21989318018,-67649.06171629456,-43427.95491748434,-44118.88749665208,-28290.25614505162,.000000000000000,.000000000000000
679.0000000000,-70508.99117550689,-58150.84845238545,-67911.21774470947,-43497.27158752282,-44144.27425952948,-28184.57965564899,.000000000000000,.000000000000000
680.0000000000,-68168.89873285142,-56032.08022949044,-66177.07199762872,-41834.64133909707,-42510.45106980202,-26552.73332774374,.000000000000000,.000000000000000
681.0000000000,-71562.98576868491,-59143.66023175156,-69125.40077541843,-44535.99803198114,-45124.22885529851,-29027.44714155898,.000000000000000,.000000000000000
682.0000000000,-72200.15426422938,-59768.28341066443,-70105.84963972887,-45323.19717214729,-45837.20792776416,-29606.97066796120,.000000000000000,.000000000000000
683.0000000000,-69589.63355609569,-57366.11790156164,-68108.09340186763,-43431.82056016677,-44006.60440922691,-27799.99332914467,.000000000000000,.000000000000000
684.0000000000,-69514.84007711311,-57163.64797972293,-67855.40562108994,-43250.69155026742,-43859.15413290850,-27681.70715623532,.000000000000000,.000000000000000
685.0000000000,-73694.47831143942,-61047.77888893241,-71623.60351903002,-46726.57561578322,-47193.04547780773,-30846.00858695991,.000000000000000,.000000000000000
686.0000000000,-72377.62352495348,-59838.20816990100,-70998.27112629674,-46055.28370560052,-46522.55618480418,-30108.74811164467,.000000000000000,.000000000000000
687.0000000000,-70379.37099742450,-57965.49521021677,-69268.99381372992,-44461.20743369916,-44993.12659556317,-28629.80569672797,.000000000000000,.000000000000000
688.0000000000,-69566.01876304702,-57108.67145391765,-68305.68380287036,-43654.83648053792,-44256.45894274858,-27976.37737917693,.000000000000000,.000000000000000
689.0000000000,-69158.29790464044,-56630.61265413816,-67662.07777126845,-43152.72771714879,-43814.06445189618,-27620.57282350835,.000000000000000,.000000000000000
690.0000000000,-68895.72969638361,-56307.54264864668,-67174.21315646812,-42782.21682375096,-43490.97445889033,-27377.11880724030,.000000000000000,.000000000000000
691.0000000000,-68690.15542035612,-56057.11842227734,-66775.19777464571,-42478.18767458881,-43223.64235841684,-27180.07844678924,.000000000000000,.000000000000000
692.0000000000,-68510.44212860124,-55846.61707036924,-66433.83349536257,-42213.88523397583,-42987.63054466003,-27005.47868183212,.000000000000000,.000000000000000
693.0000000000,-70097.24351709458,-57252.19354042094,-67700.66788002354,-43395.19389078734,-44126.40944002193,-28120.78948960043,.000000000000000,.000000000000000
694.0000000000,-72429.24284532914,-59476.08458736159,-69979.86376771983,-45432.44057529996,-46054.06243082625,-29918.62138606832,.000000000000000,.000000000000000
695.0000000000,-75538.67059155385,-62523.28783267461,-73562.11353723619,-48631.63552270894,-49081.91858099669,-32691.16499630240,.000000000000000,.000000000000000
696.0000000000,-72076.19322575367,-59404.49812538800,-70933.85353919835,-46046.45800345442,-46525.92496805155,-30116.90946976026,.000000000000000,.000000000000000
697.0000000000,-70776.29290954249,-58118.99311092579,-69651.15282420810,-44889.85146260161,-45431.08644591097,-29079.04407698507,.000000000000000,.000000000000000
698.0000000000,-70204.74424358457,-57489.01096063507,-68885.03049688356,-44258.64392844166,-44860.30038893002,-28586.12888336097,.000000000000000,.000000000000000
699.0000000000,-69885.13687525153,-57109.15814352407,-68344.73995751010,-43836.69658102075,-44488.55164169325,-28291.81697349378,.000000000000000,.000000000000000
700.0000000000,-70644.72791949153,-57718.31701601144,-68870.26485890662,-44383.49460592585,-45044.24470065814,-28869.50900606383,.000000000000000,.000000000000000
701.0000000000,-72583.41934574849,-59503.98194655007,-70568.03389323837,-45933.01239811190,-46521.84430262612,-30275.74290409131,.000000000000000,.000000000000000
702.0000000000,-70926.30138630740,-58035.84652176157,-69286.28090829197,-44702.49459745450,-45318.17077376533,-29097.22555744828,.000000000000000,.000000000000000
703.0000000000,-70248.99100079450,-57377.55894714707,-68585.87602477247,-44085.79826533592,-44738.03619582090,-28569.24616926932,.000000000000000,.000000000000000
704.0000000000,-69904.09232456399,-57012.95578849511,-68115.50779265117,-43699.42072848155,-44385.53194501952,-28274.37006400101,.000000000000000,.000000000000000
705.0000000000,-69676.04165477448,-56763.32657362775,-67750.66186219855,-43408.53853618124,-44122.67963670322,-28066.39139589426,.000000000000000,.000000000000000
706.0000000000,-69492.23092027145,-56564.66708236076,-67443.20615949252,-43163.71189036306,-43900.24429893860,-27893.71272601886,.000000000000000,.000000000000000
707.0000000000,-69327.73085565014,-56392.67859102893,-67172.08985659927,-42945.45387459270,-43699.77850454627,-27737.74443711905,.000000000000000,.000000000000000
708.0000000000,-69173.52370313831,-56237.12432455902,-66926.57880766135,-42745.10046831868,-43513.67794861036,-27591.45828446871,.000000000000000,.000000000000000
709.0000000000,-69026.04076290803,-56093.05899820848,-66700.37341780613,-42558.16836358330,-43338.33041240589,-27451.95119391006,.000000000000000,.000000000000000
710.0000000000,-68883.59552111081,-55957.68861883930,-66489.35844086876,-42381.97488927879,-43171.74642200326,-27317.92934106482,.000000000000000,.000000000000000
711.0000000000,-68745.57267891275,-55829.85726955874,-66297.45824439093,-42221.46792200992,-43014.14114381981,-27188.73216240830,.000000000000000,.000000000000000
712.0000000000,-68611.78220337786,-55707.91236231387,-66117.07452192875,-42068.68101481904,-42862.64781007430,-27063.65899771007,.000000000000000,.000000000000000
713.0000000000,-68481.51871025289,-55590.53435653764,-65944.78651993262,-41920.34842922246,-42715.53726529030,-26942.11806423776,.000000000000000,.000000000000000
714.0000000000,-68967.75595968217,-56011.67052795060,-66348.91338171519,-42301.98840739259,-43079.08568167608,-27313.43567203931,.000000000000000,.000000000000000
715.0000000000,-71823.72037725245,-58704.22931595014,-69016.72433511502,-44721.54070041285,-45407.74916284738,-29498.50954176378,.000000000000000,.000000000000000
716.0000000000,-69952.50399399329,-57084.75906179367,-67694.72886016726,-43400.26396038652,-44090.02350528093,-28160.89237795500,.000000000000000,.000000000000000
717.0000000000,-69226.81504388744,-56409.68926755351,-67043.46457387417,-42799.41599479123,-43510.60699216166,-27602.51912915322,.000000000000000,.000000000000000
718.0000000000,-68886.68123692236,-56068.91579782986,-66642.56617274064,-42459.20597796327,-43193.79241985685,-27319.84245056141,.000000000000000,.000000000000000
719.0000000000,-71315.53771094924,-58278.94267239729,-68753.32996324454,-44406.01571675602,-45064.68449981514,-29104.69699543345,.000000000000000,.000000000000000
720.0000000000,-76881.52210708284,-63627.58099277777,-74846.47910477422,-49976.94316091007,-50334.94630008738,-34095.74095352751,.000000000000000,.000000000000000
721.0000000000,-72851.78647378311,-60017.69198261818,-71726.47090984936,-46855.62833970600,-47256.42808209694,-30913.43557109611,.000000000000000,.000000000000000
722.0000000000,-71853.83438222182,-58987.64744470065,-70662.44197475300,-45853.94747259493,-46307.26888148699,-29967.58961536488,.000000000000000,.000000000000000
723.0000000000,-71275.56116312115,-58352.87009502317,-69931.92786088886,-45219.49885558832,-45730.31265072309,-29438.14931597974,.000000000000000,.000000000000000
724.0000000000,-70708.19173398823,-57775.96984515434,-69256.58311347938,-44660.24010546308,-45228.87152905983,-29003.85768701424,.000000000000000,.000000000000000
725.0000000000,-70398.16717935324,-57431.22988259188,-68777.55528159757,-44283.82358088157,-44899.22707108507,-28740.70919640880,.000000000000000,.000000000000000
726.0000000000,-70182.13459550909,-57184.39229224921,-68399.64983808571,-43990.91316132921,-44642.83103320500,-28544.37508655328,.000000000000000,.000000000000000
727.0000000000,-74739.33807744298,-61425.58003663005,-72542.47648698105,-47816.71058289410,-48312.46571793777,-32040.25323239557,.000000000000000,.000000000000000
728.0000000000,-72210.57233310711,-59174.25450209725,-70699.97316483286,-45993.87383609089,-46509.82766040546,-30229.23619660598,.000000000000000,.000000000000000
729.0000000000,-71244.48426488161,-58239.51320503694,-69786.22921350357,-45161.65287178126,-45719.11089170392,-29480.36566284779,.000000000000000,.000000000000000
730.0000000000,-73401.19857827546,-60162.55035646914,-71428.61744341903,-46663.35281839795,-47154.15792847006,-30857.26972371090,.000000000000000,.000000000000000
